notice,model_id,subgroup,n,mae,medae,exact,within_1,within_2,within_3,within_5,nll,brier_within_2,coverage_80,width_80,ae_p90
mcPHASES restricted / do not redistribute,v0.baseline.median,all,130,4.023076923076923,3.0,0.1,0.2846153846153846,0.4307692307692308,0.5615384615384615,0.7384615384615385,3.252709057181062,0.2992442019947868,0.7307692307692307,9.938461538461539,9.0
mcPHASES restricted / do not redistribute,v0.baseline.median,interval_2022,87,4.379310344827586,3.0,0.06896551724137931,0.26436781609195403,0.40229885057471265,0.5057471264367817,0.7126436781609196,3.3586746489462134,0.2950769801008904,0.7126436781609196,9.908045977011493,9.400000000000006
mcPHASES restricted / do not redistribute,v0.baseline.median,interval_2024,43,3.302325581395349,3.0,0.16279069767441862,0.32558139534883723,0.4883720930232558,0.6744186046511628,0.7906976744186046,3.0383135575631988,0.3076755579196468,0.7674418604651163,10.0,7.800000000000004
mcPHASES restricted / do not redistribute,v0.baseline.population_prior,all,130,3.646153846153846,3.0,0.08461538461538462,0.3076923076923077,0.45384615384615384,0.6076923076923076,0.7769230769230769,3.109135443182858,0.2918553297476155,0.7923076923076923,11.084615384615384,8.0
mcPHASES restricted / do not redistribute,v0.baseline.population_prior,interval_2022,87,3.9310344827586206,3.0,0.04597701149425287,0.28735632183908044,0.4367816091954023,0.5862068965517241,0.7471264367816092,3.1895049350064437,0.29264536228107746,0.7701149425287356,11.149425287356323,8.0
mcPHASES restricted / do not redistribute,v0.baseline.population_prior,interval_2024,43,3.0697674418604652,3.0,0.16279069767441862,0.3488372093023256,0.4883720930232558,0.6511627906976745,0.8372093023255814,2.9465274015863008,0.29025689183107617,0.8372093023255814,10.953488372093023,6.0
mcPHASES restricted / do not redistribute,v0.shrinkage.median.k2.laplace,all,260,3.5,3.0,0.12307692307692308,0.33076923076923076,0.47692307692307695,0.6230769230769231,0.7769230769230769,3.0513308952983405,0.283798821409335,0.7769230769230769,10.061538461538461,8.0
mcPHASES restricted / do not redistribute,v0.shrinkage.median.k2.laplace,interval_2022,174,3.8045977011494254,3.0,0.08045977011494253,0.2988505747126437,0.4482758620689655,0.5862068965517241,0.7471264367816092,3.1566186290869735,0.28666316788576673,0.735632183908046,10.057471264367816,8.0
mcPHASES restricted / do not redistribute,v0.shrinkage.median.k2.laplace,interval_2024,86,2.883720930232558,2.0,0.20930232558139536,0.3953488372093023,0.5348837209302325,0.6976744186046512,0.8372093023255814,2.8383068757725014,0.2780035157477174,0.8604651162790697,10.069767441860465,6.0
